cid	author	title	year
17766642909868058130,10921800585070774953	Y Jiao, P Peluso, J Shi, T Liang, MC Stitzer, B Wang, MS Campbell, ...	Improved maize reference genome with single-molecule technologies	2017
2254239507517002236	MB Hufford, X Xu, J Van Heerwaarden, T Pyhäjärvi, JM Chia, ...	Comparative population genomics of maize domestication and improvement	2012
1250430020833640405	MA Gore, JM Chia, RJ Elshire, Q Sun, ES Ersoz, BL Hurwitz, JA Peiffer, ...	A first-generation haplotype map of maize	2009
11888569066379603503,5440450712221885825	A Studer, Q Zhao, J Ross-Ibarra, J Doebley	Identification of a functional transposon insertion in the maize domestication gene tb1	2011
2228837645322681220	JM Chia, C Song, PJ Bradbury, D Costich, N De Leon, J Doebley, ...	Maize HapMap2 identifies extant variation from a genome in flux	2012
17831095819213676676,6401429614148345475,7413676098539789267	S McCouch, GJ Baute, J Bradeen, P Bramel, PK Bretting, E Buckler, ...	Feeding the future	2013
7617576175906322793	MB Hufford, AS Seetharam, MR Woodhouse, KM Chougule, S Ou, J Liu, ...	De novo assembly, annotation, and comparative analysis of 26 diverse maize genomes	2021
12664715338521683012	PL Morrell, ES Buckler, J Ross-Ibarra	Crop genomics: advances and applications	2012
4061357872113450280	J Ross-Ibarra, PL Morrell, BS Gaut	Plant domestication, a unique opportunity to identify the genetic basis of adaptation	2007
4643344870051815303	DP Melters, KR Bradnam, HA Young, N Telis, MR May, JG Ruby, R Sebra, ...	Comparative analysis of tandem repeats from hundreds of species reveals unique insights into centromere evolution	2013
11944729109494726624	J Van Heerwaarden, J Doebley, WH Briggs, JC Glaubitz, MM Goodman, ...	Genetic signals of origin, spread, and introgression in a large sample of maize landraces	2011
726174711625580935	I Makarevitch, AJ Waters, PT West, M Stitzer, CN Hirsch, J Ross-Ibarra, ...	Transposable elements contribute to activation of maize genes in response to abiotic stress	2015
14940779386657346302	D Sosso, D Luo, QB Li, J Sasse, J Yang, G Gendrot, M Suzuki, KE Koch, ...	Seed filling in domesticated maize and rice depends on SWEET-mediated hexose transport	2015
8457237997922496538,3590125064334610687	AJ Eckert, J Van Heerwaarden, JL Wegrzyn, CD Nelson, J Ross-Ibarra, ...	Patterns of Population Structure and Environmental Associations to Aridity Across the Range of Loblolly Pine (Pinus taeda L., Pinaceae)	2010
11097878024256170139	JP Cook, MD McMullen, JB Holland, F Tian, P Bradbury, J Ross-Ibarra, ...	Genetic architecture of maize kernel composition in the nested association mapping and inbred association panels	2012
2471984348452499818	P Tiffin, J Ross-Ibarra	Advances and limits of using population genetics to understand local adaptation	2014
16496318242013452561,5236304695133591580	MB Hufford, P Lubinksy, T Pyhäjärvi, MT Devengenzo, NC Ellstrand, ...	The genomic signature of crop-wild introgression in maize	2013
9019483855092094967	R Bukowski, X Guo, Y Lu, C Zou, B He, Z Rong, B Wang, D Xu, B Yang, ...	Construction of the third-generation Zea mays haplotype map	2018
3748829117619888894	B Wang, Z Lin, X Li, Y Zhao, B Zhao, G Wu, X Ma, H Wang, Y Xie, Q Li, ...	Genome-wide selection and genetic improvement during modern maize breeding	2020
11040677895022456988	L Wang, TM Beissinger, A Lorant, C Ross-Ibarra, J Ross-Ibarra, ...	The interplay of demography and selection during maize domestication and expansion	2017
10777136530412179569	K Swarts, RM Gutaker, B Benz, M Blake, R Bukowski, J Holland, ...	Genomic estimation of complex traits reveals ancient maize adaptation to temperate North America	2017
12619209345184003027	J Ross-Ibarra, SI Wright, JP Foxe, A Kawabe, L DeRose-Wilson, G Gos, ...	Patterns of polymorphism and demographic history in natural populations of Arabidopsis lyrata	2008
8095218463542481067	MI Tenaillon, MB Hufford, BS Gaut, J Ross-Ibarra	Genome Size and Transposable Element Content as Determined by High-Throughput Sequencing in Maize and Zea luxurians	2011
14394472478509816248,10712802329193176067,10810382578079898537	RR Da Fonseca, BD Smith, N Wales, E Cappellini, P Skoglund, ...	The origin and evolution of maize in the Southwestern United States	2015
12731906589694221305	J Ross-Ibarra, M Tenaillon, BS Gaut	Historical divergence and gene flow in the genus Zea	2009
5302092154685965393	J Ross-Ibarra, A Molina-Cruz	The ethnobotany of chaya (Cnidoscolus aconitifolius ssp. aconitifolius Breckon): a nutritious maya vegetable	2002
3745727334869718431	J van Heerwaarden, MB Hufford, J Ross-Ibarra	Historical genomics of North American maize	2012
935006617287790715	R Swanson-Wagner, R Briskine, R Schaefer, MB Hufford, J Ross-Ibarra, ...	Reshaping of the maize transcriptome by domestication	2012
853064656161512620	LB Zhang, Q Zhu, ZQ Wu, J Ross‐Ibarra, BS Gaut, S Ge, T Sang	Selection on grain shattering genes and rates of rice domestication	2009
10986799122751558384	J Yang, S Mezmouk, A Baumgarten, ES Buckler, KE Guill, MD McMullen, ...	Incomplete dominance of deleterious alleles contributes substantially to trait variation and heterosis in maize	2017
3032682055952922359,15011478903321003220	J Ramos-Madrigal, BD Smith, JV Moreno-Mayar, S Gopalakrishnan, ...	Genome sequence of a 5,310-year-old maize cob provides insights into the early stages of maize domestication	2016
4348910575877017766	T Pyhäjärvi, MB Hufford, S Mezmouk, J Ross-Ibarra	Complex patterns of local adaptation in teosinte	2013
15579853227920259642	S Hake, J Ross-Ibarra	Genetic, evolutionary and plant breeding insights from the domestication of maize	2015
6107325531042162678	JFD David M. Wills, Clinton J. Whipple, Shohei Takuno	From Many, One: Genetic Control of Prolificacy during Maize Domestication	2013
9872302690859149380	MC Stitzer, SN Anderson, NM Springer, J Ross-Ibarra	The genomic ecosystem of transposable elements in maize	2021
15554747939087267209	J Shi, SE Wolf, JM Burke, GG Presting, J Ross-Ibarra, RK Dawe	Widespread gene conversion in centromere cores	2010
6345641206578854017,429102382613440114,16686636666309032266	P Bilinski, PS Albert, JJ Berg, JA Birchler, MN Grote, A Lorant, J Quezada, ...	Parallel altitudinal clines reveal trends in adaptive evolution of genome size in Zea mays	2018
7069498466040704503	N Yang, Y Wang, X Liu, M Jin, M Vallebueno-Estrada, E Calfee, L Chen, ...	Two teosintes made modern maize	2023
16494053027693693141,2019155999972302238	AJ Waters, P Bilinski, SR Eichten, MW Vaughn, J Ross-Ibarra, M Gehring, ...	Comprehensive analysis of imprinted genes in maize reveals allelic variation for imprinting and limited conservation with other species	2013
9512221546668576266	MC Stitzer, J Ross‐Ibarra	Maize domestication and gene interaction	2018
14270822170481133370	TM Beissinger, L Wang, K Crosby, A Durvasula, MB Hufford, ...	Recent demography drives changes in linked selection across the maize genome	2016
7814826500218882810	RK Dawe, EG Lowry, JI Gent, MC Stitzer, KW Swentowsky, DM Higgins, ...	A kinesin-14 motor activates neocentromeres to promote meiotic drive in maize	2018
8452519309966999214	SN Anderson, MC Stitzer, AB Brohammer, P Zhou, JM Noshay, ...	Transposable elements contribute to dynamic genome content in maize	2019
6473644606884467791	Z Fang, T Pyhäjärvi, AL Weber, RK Dawe, JC Glaubitz, JJS González, ...	Megabase-scale inversion polymorphism in the wild ancestor of maize	2012
3095269849835314095	J Ross-Ibarra	The evolution of recombination under domestication: a test of two hypotheses	2004
987817177097090596,14403816878568058683	G Xu, J Lyu, Q Li, H Liu, D Wang, M Zhang, NM Springer, J Ross-Ibarra, ...	Evolutionary and functional genomics of DNA methylation in maize domestication and improvement	2020
16268285809405443178,469567953459816391	M Khaipho-Burch, M Cooper, J Crossa, N de Leon, J Holland, R Lewis, ...	Genetic modification can improve crop yields—but stop overselling it	2023
15151328051935459123	S Lockton, J Ross-Ibarra, BS Gaut	Demography and weak selection drive patterns of transposable element diversity in natural populations of Arabidopsis lyrata	2008
7191906505151277407,14787094829126316446,1364901072355254494,12822792861799271249	L Chen, J Luo, M Jin, N Yang, X Liu, Y Peng, W Li, A Phillips, B Cameron, ...	Genome sequencing reveals evidence of adaptive variation in the genus Zea	2022
18217003468169681800	S Mezmouk, J Ross-Ibarra	The pattern and distribution of deleterious mutations in maize	2014
17241763016461383750	MB Hufford, P Bilinski, T Pyhäjärvi, J Ross-Ibarra	Teosinte as a model system for population and ecological genomics	2012
17559374760333968488	KD Whitney, EJ Baack, JL Hamrick, MJW Godt, BC Barringer, MD Bennett, ...	A role for nonadaptive processes in plant genome size evolution?	2010
18111976045562432877	C Li, H Guan, X Jing, Y Li, B Wang, Y Li, X Liu, D Zhang, C Liu, X Xie, ...	Genomic insights into historical improvement of heterotic groups during modern hybrid maize breeding	2022
11265103186217917709,1423804503041853700	R Lozano, E Gazave, JPR Dos Santos, MG Stetter, R Valluru, N Bandillo, ...	Comparative evolutionary genetics of deleterious load in sorghum and maize	2021
7118994421153889601	S Renny-Byfield, E Rodgers-Melnick, J Ross-Ibarra	Gene fractionation and function in the ancient subgenomes of maize	2017
10471445648121255184	BS Gaut, J Ross-Ibarra	Selection on major components of angiosperm genomes	2008
6213467718649794463	E Calfee, D Gates, A Lorant, MT Perkins, G Coop, J Ross-Ibarra	Selective sorting of ancestral introgression in maize and teosinte along an elevational cline	2021
2741664858361885827	S Takuno, P Ralph, K Swarts, RJ Elshire, JC Glaubitz, ES Buckler, ...	Independent molecular basis of convergent highland adaptation in maize	2015
8720581075310602102	MG Stetter, DJ Gates, W Mei, J Ross-Ibarra	How to make a domesticate	2017
17540712414676727046	D Velasco, J Hough, M Aradhya, J Ross-Ibarra	Evolutionary genomics of peach and almond domestication	2016
9469285840365544650	W Mei, MG Stetter, DJ Gates, M Stitzer, J Ross-Ibarra	Adaptation in plant genomes: bigger is different	2018
1066608088401708066	SD Turner-Hissong, ME Mabry, TM Beissinger, J Ross-Ibarra, JC Pires	Evolutionary insights into plant breeding	2020
13046200421462083749,13021360675733443150	Q Orozco-Ramírez, J Ross-Ibarra, A Santacruz-Varela, S Brush	Maize diversity associated with social origin and environmental variation in Southern Mexico	2016
5656251523520837481	L Wang, EB Josephs, KM Lee, LM Roberts, R Rellán-Álvarez, ...	Molecular parallelism underlies convergent highland adaptation of maize landraces	2021
3273553693892067877	MG Stetter, K Thornton, J Ross-Ibarra	Genetic architecture and selective sweeps after polygenic adaptation to distant trait optima	2018
18298112768791508981	JP Gerke, JW Edwards, KE Guill, J Ross-Ibarra, MD McMullen	The genomic impacts of drift and selection for hybrid performance in maize	2015
4378530448644595594,13172941186413574025	B Song, ES Buckler, H Wang, Y Wu, E Rees, EA Kellogg, DJ Gates, ...	Conserved noncoding sequences provide insights into regulatory sequence and loss of gene expression in maize	2021
2541886074262287878,8924460428753965278	AC Barnes, F Rodríguez-Zapata, KA Juárez-Núñez, DJ Gates, GM Janzen, ...	An adaptive teosinte mexicana introgression modulates phosphatidylcholine levels and is associated with maize flowering time	2022
4811395532917369896	J Ross-Ibarra	Origen y domesticacion de la chaya (Cnidoscolus aconitifolius Mill IM Johnst): La espinaca Maya	2003
4120965274846987962	EB Josephs, JJ Berg, J Ross-Ibarra, G Coop	Detecting adaptive differentiation in structured populations with genomic data and common gardens	2019
15394221802384617228	J Van Heerwaarden, FA Van Eeuwijk, J Ross-Ibarra	Genetic diversity in a crop metapopulation	2010
1965523728393558029	JD Hollister, J Ross-Ibarra, BS Gaut	Indel-associated mutation rate varies with mating system in flowering plants	2010
9340353919503578071	J Van Heerwaarden, J ROSS‐IBARRA, J Doebley, JC Glaubitz, ...	Fine scale genetic structure in the wild ancestor of maize (Zea mays ssp. parviglumis)	2010
7426372046771115962	J Ross-Ibarra	Quantitative trait loci and the study of plant domestication	2005
7610480527513064046	Q Chen, LF Samayoa, CJ Yang, PJ Bradbury, BA Olukolu, MA Neumeyer, ...	The genetic architecture of the maize progenitor, teosinte, and how it was altered during maize domestication	2020
13372045702551332348	SN Anderson, MC Stitzer, P Zhou, J Ross-Ibarra, CD Hirsch, NM Springer	Dynamic patterns of transcript abundance of transposable element families in maize	2019
16295130435365990103,2456547071832294344	A Muyle, J Ross-Ibarra, DK Seymour, BS Gaut	Gene body methylation is under selection in Arabidopsis thaliana	2021
14594985058292814073	DJ Gates, D Runcie, GM Janzen, AR Navarro, M Willcox, K Sonder, ...	Single-gene resolution of locally adaptive genetic variation in Mexican maize	2019
684436662966421061	J Ross‐Ibarra	Genome size and recombination in angiosperms: a second look	2007
3273742166310424316,14964455021812411272,6253902269778730814,1188360045255703991	AM O’Brien, RJH Sawers, J Ross-Ibarra, SY Strauss	Evolutionary responses to conditionality in species interactions across environmental gradients	2018
13724877679765824056	MC Neel, J Ross‐Ibarra, NC Ellstrand	Implications of mating patterns for conservation of the endangered plant Eriogonum ovalifolium var. vineum (Polygonaceae)	2001
4675131869514095820	TK Wolfgruber, MM Nakashima, KL Schneider, A Sharma, Z Xie, PS Albert, ...	High quality maize centromere 10 sequence reveals evidence of frequent recombination events	2016
445881558823431528	R Torres, MG Stetter, RD Hernandez, J Ross-Ibarra	The temporal dynamics of background selection in nonequilibrium populations	2020
8050740196543639739	E Gonzalez-Segovia, S Pérez-Limon, GC Cíntora-Martínez, ...	Characterization of introgression from the teosinte Zea mays ssp. mexicana to Mexican highland maize	2019
15690173176823572703,5159519491829986435	MR May, MC Provance, AC Sanders, NC Ellstrand, J Ross-Ibarra	A Pleistocene clone of Palmer's oak persisting in southern California	2009
6251633562887283614	AI Hudson, SG Odell, P Dubreuil, MH Tixier, S Praud, DE Runcie, ...	Analysis of genotype-by-environment interactions in a maize mapping population	2022
17853791691398286654	OF Berry	Mitochondrial DNA and population size	2006
7419221198329577195	A Lorant, S Pedersen, I Holst, MB Hufford, K Winter, D Piperno, ...	The potential role of genetic assimilation during maize domestication	2017
9054275167516914311	LB Kanizay, T Pyhäjärvi, EG Lowry, MB Hufford, DG Peterson, ...	Diversity and abundance of the abnormal chromosome 10 meiotic drive complex in Zea mays	2013
11343709371087280313	O Aburto-Oropeza, AF Johnson, M Agha, EB Allen, MF Allen, JA González, ...	Harnessing cross-border resources to confront climate change	2018
7213583629655453228,1411114462101707243	AM O'Brien, RJH Sawers, SY Strauss, J Ross-Ibarra	Adaptive phenotypic divergence in an annual grass differs across biotic contexts	2019
13621041706202411296	MB Hufford, P Gepts, J ROSS‐IBARRA	Influence of cryptic population structure on observed mating patterns in the wild progenitor of maize (Zea mays ssp. parviglumis)	2011
5019892223730894925	C Muñoz-Diez, C Vitte, J Ross-Ibarra, BS Gaut, MI Tenaillon	Using nextgen sequencing to investigate genome size variation and transposable element content	2012
8643764712186211160,3464702864064592867	J Engelhorn, SJ Snodgrass, A Kok, AS Seetharam, M Schneider, T Kiwit, ...	Genetic variation at transcription factor binding sites largely explains phenotypic heritability in maize	2025
14658936176419871996,405592559232898639	A Durvasula, PJ Hoffman, TV Kent, C Liu, TJY Kono, PL Morrell, ...	angsd‐wrapper: utilities for analysing next‐generation sequencing data	2016
14659039718259909589	J Ross-Ibarra, BS Gaut	Multiple domestications do not appear monophyletic	2008
16677551820371444052	S Flint-Garcia, MJ Feldmann, H Dempewolf, PL Morrell, J Ross-Ibarra	Diamonds in the not-so-rough: Wild relative diversity hidden in crop genomes	2023
7474610793083089141	P Bilinski, K Distor, J Gutierrez-Lopez, GM Mendoza, J Shi, RK Dawe, ...	Diversity and evolution of centromere repeats in the maize genome	2015
11847404813452014186	MR Aguilar-Rangel, RAC Montes, E González-Segovia, J Ross-Ibarra, ...	Allele specific expression analysis identifies regulatory variation associated with stress-related genes in the Mexican highland maize landrace Palomero Toluqueño	2017
4502892611533604349	L Vann, T Kono, T Pyhäjärvi, MB Hufford, J Ross-Ibarra	Natural variation in teosinte at the domestication locus teosinte branched1 (tb1)	2015
14583174141795727444,4662912927671142445	EJ Fuchs, J Ross-Ibarra, G Barrantes	Reproductive biology of Macleania rupestris (Ericaceae), a pollen-limited Neotropical cloud-forest species in Costa Rica	2010
15581864934816424318	MC Stitzer, AS Seetharam, A Scheben, SK Hsu, AJ Schulz, ...	Extensive genome evolution distinguishes maize within a stable tribe of grasses	2025
10272593141167204712	B Berube, E Ernst, J Cahn, B Roche, C de Santis Alves, J Lynn, ...	Teosinte Pollen Drive guides maize diversification and domestication by RNAi	2024
17930901947040544584	S Sun, B Wang, C Li, G Xu, J Yang, MB Hufford, J Ross-Ibarra, H Wang, ...	Unraveling prevalence and effects of deleterious mutations in maize elite lines across decades of modern breeding	2023
859611454737340250	S Tittes, A Lorant, SP McGinty, JB Holland, J de Jesus Sánchez-González, ...	The population genetics of convergent adaptation in maize and teosinte is not locally restricted	2025
4200777730517717106	SG Odell, AI Hudson, S Praud, P Dubreuil, MH Tixier, J Ross-Ibarra, ...	Modeling allelic diversity of multiparent mapping populations affects detection of quantitative trait loci	2022
16941674438635770595	A Lorant, J Ross-Ibarra, M Tenaillon	Genomics of long-and short-term adaptation in maize and teosintes	2020
7367173473048507714	H Hu, T Crow, S Nojoomi, AJ Schulz, JM Estévez-Palmas, MB Hufford, ...	Allele-specific expression reveals multiple paths to highland adaptation in maize	2022
4754725764254370698	S Perez-Limón, M Li, GC Cintora-Martinez, MR Aguilar-Rangel, ...	A B73× Palomero Toluqueño mapping population reveals local adaptation in Mexican highland maize	2022
6632947253215446952	LF Samayoa, BA Olukolu, CJ Yang, Q Chen, MG Stetter, AM York, ...	Domestication reshaped the genetic basis of inbreeding depression in a maize landrace compared to its wild relative, teosinte	2021
5184418631926702828,11400685212099843186	F Li, DJ Gates, ES Buckler, MB Hufford, GM Janzen, R Rellán-Álvarez, ...	Environmental data provide marginal benefit for predicting climate adaptation	2025
40028831341852099,10343727954691350214	L Zeitler, J Ross-Ibarra, MG Stetter	Selective loss of diversity in doubled-haploid lines from European maize landraces	2020
15983575394020585674	A Guerra-García, IC Rojas-Barrera, J Ross-Ibarra, R Papa, D Piñero	The genomic signature of wild-to-crop introgression during the domestication of scarlet runner bean (Phaseolus coccineus L.)	2022
10306546315448360067	GA Dyer, A López-Feldman, A Yúnez-Naude, JE Taylor, J Ross-Ibarra	Reply to Brush et al.: Wake-up call for crop conservation science	2015
10736570628617082030	W Xue, SN Anderson, X Wang, L Yang, PA Crisp, Q Li, J Noshay, ...	Hybrid decay: a transgenerational epigenetic decline in vigor and viability triggered in backcross populations of teosinte with maize	2019
11937161593355680525	AR Phillips, AS Seetharam, PS Albert, T AuBuchon-Elder, JA Birchler, ...	A happy accident: a novel turfgrass reference genome	2023
15526564212076251883	MC Provance, I García-Ruiz, C Thommes, J Ross-Ibarra	Population genetics and ethnobotany of cultivated Diospyros riojae Gómez Pompa (Ebenaceae), an endangered fruit crop from Mexico	2013
14778485542675494915	R Horvath, M Menon, M Stitzer, J Ross-Ibarra	Controlling for variable transposition rate with an age-adjusted site frequency spectrum	2022
13486348739945366922,2898437834389851132	P Bilinski, Y Han, MB Hufford, A Lorant, P Zhang, MC Estep, J Jiang, ...	Genomic abundance is not predictive of tandem repeat localization in grass genomes	2017
10121709138180957198	CM Andorf, J Ross-Ibarra, AS Seetharam, MB Hufford, MR Woodhouse	A unified VCF dataset from nearly 1,500 diverse maize accessions and resources to explore the genomic landscape of maize	2025
16401606764419060059	CA Rushworth, AM Wardlaw, J Ross-Ibarra, Y Brandvain	Conflict over fertilization underlies the transient evolution of reinforcement	2022
17712083587418275641	N Manchanda, SJ Snodgrass, J Ross-Ibarra, MB Hufford	Evolution and adaptation in the maize genome	2018
3304032280356441643,16508598121234258701	AM O’Brien, RJH Sawers, J Gasca-Pineda, I Baxter, LE Eguiarte, ...	Teosinte populations exhibit weak local adaptation to their rhizosphere biota despite strong effects of biota source on teosinte fitness and traits	2024
12228237510741922196	B Berube, E Ernst, J Cahn, B Roche, C de Santis Alves, J Lynn, ...	Teosinte Pollen Drive guides maize domestication and evolution by RNAi	2023
14072230040117113426	J Ross-Ibarra, R Sawers, MB Hufford	Maize diversity and climate change	2017
3019874932806319751	J Ross-Ibarra	Recombination, genetic diversity, and plant domestication	2006
6614828188007191971	RA Fairbanks, J Ross-Ibarra	An ancient origin of the naked grains of maize	2025
1953885462158113209	G Xu, X Yang, M Zhang, C Kang, Z Tian, Y Qi, M Luo, P Liu, J Ross-Ibarra, ...	The dominance of gene expression controlled by trans-eQTL hotspots contributes to phenotypic heterosis in maize	2025
12699100131549422568	B Liu, M Munasinghe, RA Fairbanks, CN Hirsch, J Ross-Ibarra	Genome-wide selection on transposable elements in maize	2025
14155094826299563540	E Cryan, G Phinney, AS Seetharam, MMS Evans, EA Kellogg, J Zhan, ...	Molecular evolution of a reproductive barrier in maize and related species	2025
1071790169840414222	J Ross-Ibarra	Genetic Data Analysis II. Methods for Discrete Population Genentic Data	2002
NA	Y Cao, J Yan, J Ross-Ibarra, N Yang	Plant domestication revisited: Genomic insights into origins, mechanisms, and convergent evolution	2026
NA	SJ Snodgrass, F Li, S Mambakkam, SG Medina-Muñoz, L Sparreo, ...	Maize genetic diversity is largely unstructured by human ethnolinguistic diversity in its center of origin	2026
NA	S Perez-Limon, AL Alonso-Nieves, MR Ramirez-Flores, ...	The MexMAGIC population reveals the genetic architecture of clinal trait variation in Mexican native maize	2026
NA	AR Phillips, T AuBuchon-Elder, K Barry, M Stitzer, ES Buckler, ...	The origins and adaptive consequences of polyploidy in a dominant prairie grass	2025
NA	DA O’Donnell, J Yang, P Zamora, A Lorant, C Miao, A Van Deynze, ...	HERITABILITY AND QTL MAPPING OF AERIAL ROOTS AND OTHER YIELD COMPONENT TRAITS WITH IMPLICATIONS FOR N2 FIXATION IN ZEA MAYS	2025
NA	J Ross-Ibarra, A Molina-Cruz	The ethnobotany of Chaya (Cnidoscolus aconitifoliusSSP. Aconitifoliusbreckon) La Etnobotanica de Chaya (Cnidoscolus aconitifoliusssp. aconitifoliusBreckon): A nutritious Maya …	2002
